filename,label
Global_Warming_extra_8.txt,Global Warming
Sports_extra_1.txt,Sports
Artificial_Intelligence_extra_3.txt,Artificial Intelligence
29.txt,Artificial Intelligence
random_message_extra_5.txt,random message
random_message_extra_4.txt,random message
random_message_extra_6.txt,random message
random_message_extra_7.txt,random message
random_message_extra_2.txt,random message
random_message_extra_3.txt,random message
random_message_extra_1.txt,random message
random_message_extra_10.txt,random message
random_message_extra_9.txt,random message
random_message_extra_8.txt,random message
general_message_extra_8.txt,general message
general_message_extra_9.txt,general message
general_message_extra_10.txt,general message
general_message_extra_1.txt,general message
general_message_extra_2.txt,general message
general_message_extra_3.txt,general message
general_message_extra_7.txt,general message
general_message_extra_6.txt,general message
general_message_extra_5.txt,general message
Environment_extra_8.txt,Environment
Environment_extra_9.txt,Environment
Environment_extra_10.txt,Environment
Environment_extra_1.txt,Environment
Environment_extra_2.txt,Environment
Environment_extra_3.txt,Environment
Environment_extra_7.txt,Environment
Environment_extra_6.txt,Environment
Environment_extra_4.txt,Environment
Environment_extra_5.txt,Environment
Sports_extra_10.txt,Sports
Sports_extra_2.txt,Sports
Sports_extra_3.txt,Sports
Sports_extra_7.txt,Sports
Sports_extra_6.txt,Sports
Sports_extra_5.txt,Sports
Sports_extra_9.txt,Sports
Jobs_extra_8.txt,Jobs
Jobs_extra_9.txt,Jobs
Jobs_extra_7.txt,Jobs
Jobs_extra_6.txt,Jobs
Jobs_extra_5.txt,Jobs
Jobs_extra_4.txt,Jobs
Jobs_extra_10.txt,Jobs
Jobs_extra_3.txt,Jobs
Jobs_extra_2.txt,Jobs
Jobs_extra_1.txt,Jobs
Movies_extra_9.txt,Movies
Movies_extra_8.txt,Movies
Movies_extra_10.txt,Movies
Movies_extra_7.txt,Movies
Movies_extra_5.txt,Movies
Movies_extra_4.txt,Movies
Movies_extra_1.txt,Movies
Movies_extra_3.txt,Movies
Movies_extra_2.txt,Movies
